model,r2_mean,r2_std,r2_min,r2_max,rmse_mean,r2_inner,n_distinct_params,minutes,r2_se,gap_inner_outer,candidate_1SE
Random Forest,0.5916941841426138,0.08660280736974003,0.4325827515308729,0.7166442151173107,5.620529025686981,0.6053550124086448,5,51.7,0.027386212305319436,0.013660828266030989,True
LightGBM,0.5775316089148517,0.1085714549960696,0.3523737129989196,0.7546856638579942,5.711985868961545,0.6010997935905218,5,7.0,0.034333308666604744,0.023568184675670123,True
XGBoost,0.5730302632212392,0.10692146466989627,0.344866331456369,0.7074190824273066,5.734362232436168,0.5978929451908677,4,4.8,0.03381153591180956,0.024862681969628486,True
Gradient Boosting,0.5350446431506025,0.10637345148393672,0.3359043632921556,0.6834510537175316,5.991504315832186,0.5871786649249119,3,33.5,0.0336382389262658,0.05213402177430937,False
AdaBoost,0.5325377462303037,0.1057856271243032,0.2847837212357816,0.6375778967224104,6.004438020452836,0.5709426565814952,7,61.7,0.033452352542208616,0.038404910351191535,False
Lasso,0.4889542319332829,0.0903903015608493,0.3066856627962924,0.648836591516421,6.270800703711922,0.5615231891870657,4,3.9,0.028583923132175674,0.07256895725378276,False
Decision Tree,0.44071770626764845,0.11956157460067426,0.246566311005183,0.6181360624284701,6.551065691779984,0.496925457667804,4,3.4,0.03780868963742673,0.05620775140015555,False
Ridge,0.37465068056454537,0.3435992327053465,-0.5713990128128161,0.6481674640028081,6.704495628405735,0.33693089464706494,1,1.4,0.10865561776351135,-0.03771978591748043,False
Linear Regression,0.27426111373172046,0.5257603445472439,-1.179204384051232,0.6402317850297905,7.084081698182717,,1,0.0,0.16626001921641792,,False
